quote_id,text,attribution,meaning,sort_order,active
q_001,案ずるより産むが易し,日本のことわざ,"事前のアレコレ悩む不安よりも、いざやってみると案外うまくいくものである。",1,TRUE
q_002,虎穴に入らずんば虎子を得ず,後漢書,"危険な場所（虎の穴）に飛び込む勇気がなければ、大きな成果（虎の子）は得られない。",2,TRUE
q_003,千里の道も一歩から,老子,"どんなに遠大な目標でも、足元の確かな第一歩からすべては始まる。",3,TRUE
q_004,思い立ったが吉日,日本のことわざ,"何かを始めようと決心したその日こそが、物事を始めるのに最適な日である。",4,TRUE
q_005,迷った時は困難な道を選べ,岡本太郎,"楽な道は停滞を生む。あえて厳しい方を選ぶことが、自己の爆発と成長に繋がる。",5,TRUE
q_006,行動こそが不安を打ち消す唯一の手段だ,デール・カーネギー,"悩みは立ち止まっている時に増大する。動くことで、不安は確信へと変わる。",6,TRUE
q_007,"失敗したことがない人間は、何も新しいことに挑戦していない人間だ",アインシュタイン,"失敗は「ミス」ではなく「挑戦の証」。恐れずに挑み続ける姿勢こそが重要。",7,TRUE
q_008,"人生は自転車に乗るようなものだ。バランスを保つためには、走り続けなければならない",アインシュタイン,"立ち止まれば倒れてしまう。常に変化し、進み続けることが安定を生む秘訣。",8,TRUE
q_009,PKを外すことができるのは、PKを蹴る勇気を持った者だけだ,ロベルト・バッジョ,"批判されるのは挑戦した証拠。舞台にすら立たない者に、成功も失敗も語れない。",9,TRUE
q_010,"やってみせ、言って聞かせて、させてみせ、ほめてやらねば、人は動かじ",山本五十六,"指導の本質。自ら手本を示し、信頼を築き、相手を尊重して初めて心は動く。",10,TRUE
q_011,生きるとは呼吸することではない。行動することだ,ジャン＝ジャック・ルソー,"単に存在しているだけではなく、目的を持って熱く活動することに命の意味がある。",11,TRUE
q_012,凧が一番高く上がるのは、風に向かっている時である。風に乗っている時ではない,ウィンストン・チャーチル,"逆風（困難）こそが、自分を最も高い場所へ押し上げてくれるエネルギーになる。",12,TRUE
q_013,最大のリスクは、リスクを取らないことだ。,マーク・ザッカーバーグ,"変化の激しい現代では、現状維持を目指すことが最大の「負け」に繋がる。",13,TRUE
q_014,明日死ぬかのように生きよ。永遠に生きるかのように学べ,マハトマ・ガンジー,"今この瞬間を全力で燃やし、同時に知識への渇望を一生持ち続けよ。",14,TRUE
q_015,"最も大きな危険は、目標が高すぎて達成できないことではない。目標が低すぎて達成してしまうことだ",ミケランジェロ,"自分の限界を勝手に決めず、常に高い理想を掲げて自分を律せよ。",15,TRUE
q_016,一期一会,千利休（茶道）,"この出会いは一生に一度限り。二度と繰り返せない今を、最高のおもてなしで迎えよ。",16,TRUE
q_017,勇猛果敢,四字熟語,"勇ましく、強い決断力を持って、迷わずに物事に取り組む姿勢。",17,TRUE
q_018,不撓不屈,四字熟語,"どんなに強い力で押さえつけられても、決して屈せず、志を曲げないこと。",18,TRUE
q_019,不言実行,四字熟語,"あれこれ理屈を並べる前に、黙ってなすべきことをやり遂げ、結果で示すこと。",19,TRUE
q_020,百聞は一見に如かず,漢書,"人から百回聞くよりも、自分自身の目で一度見る方が、遥かに真実を理解できる。",20,TRUE
q_021,先んずれば人を制す,史記,"人に遅れることなく、自ら先手を打つことで、物事の主導権を握ることができる。",21,TRUE
q_022,待っていては何も始まらない。自分から掴みに行け,ゲーテ,"チャンスが来るのを待つ時間は無駄。自ら行動し、運命を無理矢理こじ開けよ。",22,TRUE
q_023,運命は勇者に微笑む,ウェルギリウス,"恐怖を克服し、勇気を持って一歩踏み出した者にだけ、勝利の女神は味方する。",23,TRUE
q_024,"虹を見たければ、ちょっとやそっとの雨は我慢しなくちゃ",ドリー・パートン,"素晴らしい結果（虹）の前には、必ず耐え忍ぶべき苦難（雨）がある。",24,TRUE
q_025,一寸先は光,日本の格言,"「一寸先は闇」の逆。未来には何が起こるか分からないからこそ、希望がある。",25,TRUE
q_026,塵も積もれば山となる,日本のことわざ,"どんなに小さな努力も、毎日欠かさず続ければ、いつか巨大な力になる。",26,TRUE
q_027,継続は力なり,日本の格言,"始めたことを途中で投げ出さず、やり遂げる習慣こそが、最大の才能である。",27,TRUE
q_028,石の上にも三年,日本のことわざ,"つらく苦しい時期でも、我慢強く続ければ、必ず道が開け、成果が出る。",28,TRUE
q_029,精神一到何事か成らざらん,朱子（朱熹）,"心を一つに集中して取り組めば、この世に不可能なことなど何一つない。",29,TRUE
q_030,"為せば成る、為さねば成らぬ何事も、成らぬは人の為さぬなりけり",上杉鷹山,"できないのは能力がないからではなく、やろうとしないからだ、という自戒。",30,TRUE
q_031,"天才とは、1%のひらめきと99%の努力である",トーマス・エジソン,"ひらめきを形にするのは、執念に近い圧倒的な試行錯誤の量である。",31,TRUE
q_032,努力できるということも実力のうちだ,羽生善治,"飽きずに、粘り強く努力を継続できること自体が、一つの稀有な才能である。",32,TRUE
q_033,夢を掴むことというのは、一歩一歩の積み重ねでしかない,イチロー,"魔法のような飛躍はない。遠くへ行く唯一の方法は、地味な一歩を刻むこと。",33,TRUE
q_034,他人の100倍歩く。それが僕のやり方だ,孫正義,"常識的な努力では常識的な結果しか出ない。突き抜けるには圧倒的な量が必要。",34,TRUE
q_035,"壁というのは、できる人にしかやってこない。超えられる可能性がある人にしかやってこない",イチロー,"困難は、あなたがそれを乗り越えるステージに立ったという「合格通知」である。",35,TRUE
q_036,雨垂れ石を穿つ,漢書,"小さな雨粒でも、長い年月同じ場所に落ち続ければ、固い岩に穴をあける。",36,TRUE
q_037,点と点はいつか繋がる（Connecting the dots）,スティーブ・ジョブズ,"今の無駄に見える経験も、未来のどこかで必ず意味を持つ。信じて進め。",37,TRUE
q_038,一意専心,四字熟語,"雑念を払い、一つの目標、一つの作業に全神経を集中させること。",38,TRUE
q_039,粉骨砕身,四字熟語,"骨を粉にし、身を砕くほど、力の限りを尽くして任務を遂行すること。",39,TRUE
q_040,臥薪嘗胆,史記,"悔しさや苦労を忘れないよう自分を追い込み、目的を果たすまで耐え忍ぶこと。",40,TRUE
q_041,七転八起,四字熟語,"七回倒れても八回起き上がる。失敗の数より一回多く立ち上がれば勝ち。",41,TRUE
q_042,愚公山を移す,列子,"途方もない計画でも、根気強く続ければ、ついには神（運命）をも動かす。",42,TRUE
q_043,今日の成果は、昨日の努力の結果である,ピーター・ドラッカー,"過去の蓄積が今を作っている。未来を変えたいなら、今日を変えるしかない。",43,TRUE
q_044,努力は運の幅を広げてくれる,ブルーピリオド,"運を待つのではなく、運が転がってきた時に拾える場所まで移動するのが努力。",44,TRUE
q_045,"努力した者が全て報われるとは限らん。しかし、成功した者は皆すべからく努力しておる",はじめの一歩（鴨川会長）,"努力は成功の「保証」ではないが、最低限の「入場券」である。",45,TRUE
q_046,少しずつでいい、前に進め。絶望するな,竈門炭治郎（鬼滅の刃）,"どんなに打ちのめされても、自分にできる最小単位の行動を積み重ねろ。",46,TRUE
q_047,勝つまでやり続ければ、負けはない,松下幸之助,"成功するまでやめなければ、すべての失敗は「過程」という名前に変わる。",47,TRUE
q_048,「いつか」ではなく「今」始めろ,日本の格言,"準備が整うのを待っていては一生終わる。不完全なまま走り出せ。",48,TRUE
q_049,水滴りて石を穿つ,日本のことわざ,"（36番と同様）継続が不可能を可能にするという物理的な真理。",49,TRUE
q_050,自分自身を裏切らない努力の姿勢が、未来の結果として現れてくる,日本の格言,"他人の目は誤魔化せても、自分の目は誤魔化せない。自分に誇れる日々を。",50,TRUE
q_051,失敗は成功のもと,日本のことわざ,"失敗から教訓を得て、やり方を変えれば、それは成功へのステップになる。",51,TRUE
q_052,雨降って地固まる,日本のことわざ,"トラブルや葛藤を乗り越えた後は、以前よりも基盤が強固になる。",52,TRUE
q_053,人間万事塞翁が馬,淮南子,"人生の幸不幸は予測できない。悪い時も腐らず、良い時も驕らず進め。",53,TRUE
q_054,冬来たりなば春遠からじ,パーシー・シェリー,"今が最も苦しいのなら、次は良くなるしかない。希望を捨てるな。",54,TRUE
q_055,意志あるところに道は開ける,エイブラハム・リンカーン,"方法を探す前に、まず「成し遂げる」という強い覚悟を決めよ。道は後からできる。",55,TRUE
q_056,止まりさえしなければ、どんなにゆっくり進んでも構わない,孔子,"速度競争に惑わされるな。一番恐ろしいのは、歩みを止めることだ。",56,TRUE
q_057,逆風は、帆を張るチャンスだ,日本の格言,"困難を障害と捉えるか、飛躍のためのバネと捉えるか。すべては視点次第。",57,TRUE
q_058,下を向いていたら、虹を見つけることはできないよ,チャップリン,"過去の後悔や足元の不安ばかり見ず、顔を上げて未来の可能性を探せ。",58,TRUE
q_059,暗闇があるから、光が見える,日本の格言,"苦しみや挫折を経験したからこそ、小さな成功や幸福に心から感謝できる。",59,TRUE
q_060,最悪の事態には必ず相応のチャンスが眠ってるもんだ,西洋の格言,"全てが壊れた時こそ、しがらみを捨てて新しい自分に作り替える好機。",60,TRUE
q_061,自分の世界は、自分で変えなければ,日本の格言,"他人や環境が変わるのを待つのは時間の無駄。自分が変われば世界も変わる。",61,TRUE
q_062,自分を信じない奴なんかに、努力する価値は無い,NARUTO（マイト・ガイ）,"自分の可能性を疑いながらの努力は実らない。まずは自分に期待せよ。",62,TRUE
q_063,人にできて、きみだけにできないなんてことあるもんか,ドラえもん,"同じ人間が成し遂げたことなら、あなたにも必ず道はあるという励まし。",63,TRUE
q_064,明日は明日の風が吹く,日本のことわざ,"今日の失敗をいつまでも引きずらない。明日は新しいチャンスが来る。",64,TRUE
q_065,ピンチはチャンス,日本の格言,"窮地に追い込まれた時ほど、思い切った決断や進化ができる。",65,TRUE
q_066,果報は寝て待て,日本のことわざ,"やるべきことをすべてやり尽くしたなら、あとは天命を待つゆとりを持て。",66,TRUE
q_067,捲土重来,四字熟語,"一度の失敗に屈せず、力を蓄えて再び勢いよく盛り返すこと。",67,TRUE
q_068,不言実行,四字熟語,"（既出）言葉で飾るより、行動のスピードと結果の重みで信頼を勝ち取れ。",68,TRUE
q_069,泰然自若,四字熟語,"予期せぬトラブルが起きても、慌てず冷静に、自分を保ち続けること。",69,TRUE
q_070,背水の陣,史記,"あえて逃げ道を断つことで、自分の中に眠る爆発的な力を引き出す。",70,TRUE
q_071,限界を決めるのは、いつも自分だ,日本の格言,"身体の限界より先に、心の限界が来る。思考を広げれば限界も広がる。",71,TRUE
q_072,100回叩くと壊れる壁を、99回目で諦めてはいけない,日本の格言,"成功は、あなたが「もうダメだ」と思ったその一歩先に隠れている。",72,TRUE
q_073,転んでもただでは起きぬ,日本のことわざ,"失敗したとしても、ただ損をするだけでなく、何か一つでも教訓を拾って立て。",73,TRUE
q_074,雲の上はいつも晴れ,日本の格言,"今が嵐でも、雲の向こうには恒久的な青空があることを忘れるな。",74,TRUE
q_075,他人の評価ではなく、自分の物差しで生きろ,日本の格言,"他人の人生を生きるな。自分が「正しい」「面白い」と思う道を行け。",75,TRUE
q_076,"少年よ、大志を抱け（Boys, be ambitious）",ウィリアム・スミス・クラーク,"お金や名声のためではなく、人間として成すべき大きな志を持て。",76,TRUE
q_077,死ぬこと以外かすり傷,山崎拓巳,"命さえあれば、どんな経済的・社会的損失も、何度でもリカバリーできる。",77,TRUE
q_078,おもしろき こともなき世を おもしろく,高杉晋作,"世界がつまらないのではない。面白く生きる力が自分に足りないだけだ。",78,TRUE
q_079,現状維持は後退の始まりである,ウォルト・ディズニー,"変化を拒むことは、進歩を止めること。常に新しい挑戦が必要だ。",79,TRUE
q_080,人生の目的は、目的のある人生を送ることだ,ロバート・バーン,"ただ漫然と過ごすのではなく、自分なりの「なぜ」を持って生きよ。",80,TRUE
q_081,明日死ぬと思って生きなさい。永遠に生きると思って学びなさい,ガンジー,"今を全力で燃焼させ、同時に魂を磨く学びを生涯継続せよ。",81,TRUE
q_082,"Stay Hungry, Stay Foolish",スティーブ・ジョブズ,"現状に満足せず、常識に囚われない「愚か者」の熱狂を持ち続けろ。",82,TRUE
q_083,夢は逃げない。逃げるのはいつも自分だ,高橋歩,"夢は実現されるのを待っている。あなたが諦めなければ、道は途絶えない。",83,TRUE
q_084,志高く,坂本龍馬,"小さな利害にこだわらず、世のため人のため、大きな視座を持って生きろ。",84,TRUE
q_085,一灯照隅,最澄,"自分が今いる場所で精一杯輝けば、その光が周囲を、そして国を照らす。",85,TRUE
q_086,敬天愛人,西郷隆盛,"天の道に従い、自分を愛するように他人も慈しみ、無私で生きる。",86,TRUE
q_087,我が生涯に一片の悔いなし！,北斗の拳（ラオウ）,"最後まで自分の意志を貫き、納得して幕を引けるような生き様を。",87,TRUE
q_088,人の一生は重荷を負うて遠き道を行くが如し。急ぐべからず,徳川家康,"人生は長い。目先の焦りを捨て、着実な歩みが最後には勝利を呼ぶ。",88,TRUE
q_089,鶏口となるも牛後となるなかれ,史記,"強大なものに従うよりも、小さな組織でも自ら主体的に動ける立場であれ。",89,TRUE
q_090,温故知新,論語,"古い教えや経験を大切にし、そこから新しい時代の知恵を導き出すこと。",90,TRUE
q_091,一期一会,四字熟語,"（16番と同様）その瞬間、その出会いに全霊を込める。",91,TRUE
q_092,晴耕雨読,四字熟語,"自然の摂理に合わせ、無理をせず、知識と心を守りながら生きる。",92,TRUE
q_093,中庸こそ美徳,アリストテレス,"両極端を避け、常に最適なバランスを見定める知性こそが幸福の鍵。",93,TRUE
q_094,幸福になりたいのなら、なりなさい,トルストイ,"幸せは「なるもの」ではなく、自分の心が「決めるもの」である。",94,TRUE
q_095,自分に打ち勝つことが、最も偉大な勝利である,プラトン,"他人を倒すより、自分の中の怠慢、恐怖、傲慢を制御する方が難しい。",95,TRUE
q_096,情けは人のためならず,日本のことわざ,"人に親切にするのは、最終的に自分に良い報いが返ってくるためである。",96,TRUE
q_097,笑う門には福来たる,日本のことわざ,"辛い時でも笑顔を絶やさない場所には、自然と幸運が舞い込んでくる。",97,TRUE
q_098,自業自得,四字熟語,"（現代では悪い意味が多いが）自分の蒔いた種は、良くも悪くも自分が刈り取る。",98,TRUE
q_099,知恵と勇気は銃にも勝る,日本の格言,"暴力や力づくの解決よりも、正しい知識と立ち向かう心こそが状況を変える。",99,TRUE
q_100,何もしないことこそ、最大の失敗だ,日本の格言,"ミスを避けて立ち止まることは、時間という最も貴重な資産を捨てること。",100,TRUE
q_101,一念天に通ず,日本のことわざ,"固い決意を持って一心に励めば、その思いは天に通じ、必ず成就する。",101,TRUE
q_102,果報は寝て待て,日本のことわざ,"自分のベストを尽くした後は、焦らずに幸運がやってくる時期を待つのが良い。",102,TRUE
q_103,初心忘るべからず,世阿弥,"物事を始めた時の謙虚な気持ちや緊張感を、一生忘れてはならない。",103,TRUE
q_104,枯れ木も山のにぎわい,日本のことわざ,"つまらないものでも無いよりはマシ。自分を卑下せず、その場にいることに価値を見出す。",104,TRUE
q_105,先んずれば人を制す,史記,"何事も他人より一歩先に行動を起こせば、有利な立場に立てる。",105,TRUE
q_106,失敗は成功の母,日本のことわざ,"失敗の原因を深く反省し、改善していくことで、次の成功へ近づくことができる。",106,TRUE
q_107,善は急げ,日本のことわざ,"良いと思ったことは、ためらわずにすぐ実行に移すべきである。",107,TRUE
q_108,待てば海路の日和あり,日本のことわざ,"今は状況が悪くても、じっと待っていれば必ず絶好のチャンス（航海日和）が訪れる。",108,TRUE
q_109,聞くは一時の恥、聞かぬは一生の恥,日本のことわざ,"知らないことを聞くのはその時だけ恥ずかしいが、聞かずに過ごせば一生無知のまま過ごすことになる。",109,TRUE
q_110,禍を転じて福となす,戦国策,"身に降りかかった災難をうまく利用して、逆に幸せな状態に変えること。",110,TRUE
q_111,一石二鳥,四字熟語,"一つの行動で、二つの利益を同時に手に入れること。効率的な動きの重要性。",111,TRUE
q_112,百戦錬磨,四字熟語,"数多くの実戦経験を積み、鍛え抜かれていること。経験こそが自信を作る。",112,TRUE
q_113,勇往邁進,四字熟語,"自分の目標に向かって、恐れることなくまっしぐらに突き進むこと。",113,TRUE
q_114,猪突猛進,四字熟語,"周囲の状況を顧みず、目標に対して猛烈な勢いで突き進むこと。",114,TRUE
q_115,不退転,四字熟語,"どんな困難に直面しても、決して志を曲げず、後退しない強い意志。",115,TRUE
q_116,日進月歩,四字熟語,"日ごと月ごとに、絶え間なく急速に進歩・発展していくこと。",116,TRUE
q_117,乾坤一擲,四字熟語,"運命を賭けて、のるかそるかの大勝負に出ること。",117,TRUE
q_118,一生懸命,四字熟語,"命を懸けて一つのことに打ち込むこと（元来は「一所懸命」）。",118,TRUE
q_119,力戦奮闘,四字熟語,"力を出し切り、勇気を奮って全力で戦い抜くこと。",119,TRUE
q_120,磨穿鉄硯,四字熟語,"鉄の硯をすり減らすほど、猛烈に勉強や努力を積み重ねること。",120,TRUE
q_121,点滴石を穿つ,漢書,"わずかな水滴でも、絶えず同じ所に落ちれば、ついには固い石に穴をあける。",121,TRUE
q_122,涓埃の功,日本のことわざ,"ほんのわずかな力であっても、積み重なれば大きな手助けになる。",122,TRUE
q_123,捲土重来,四字熟語,"一度敗れた者が、再び勢いを盛り返して攻め寄せてくること。",123,TRUE
q_124,一陽来復,四字熟語,"厳しい冬が去り春が来ること。転じて、苦難の後に幸運が巡ってくること。",124,TRUE
q_125,七転八倒より七転八起,日本の格言,"苦しんで転げ回る（八倒）より、何度倒れても立ち上がる（八起）精神を持て。",125,TRUE
q_126,鉄は熱いうちに打て,西洋のことわざ,"情熱があるうち、あるいは柔軟な若いうちに自分を鍛えるべきである。",126,TRUE
q_127,良薬は口に苦し,孔子,"自分のためになる忠告は、素直に聞きにくいものだが、心して聞くべきだ。",127,TRUE
q_128,人事を尽くして天命を待つ,胡寅,"自分の持てる力を全て出し切ったなら、あとは結果を天の意思に任せて落ち着く。",128,TRUE
q_129,牛の歩みも千里,日本のことわざ,"進みは遅くても、たゆまず努力を続ければ、最後には大きな成果が得られる。",129,TRUE
q_130,急がば回れ,日本のことわざ,"急いでいる時ほど、危険な近道より確実な遠回りを選ぶ方が、結局は早く着く。",130,TRUE
q_131,千載一遇,四字熟語,"千年に一度しか巡り合えないような、滅多にない絶好の機会。",131,TRUE
q_132,一気呵成,四字熟語,"物事を一息に、一気に仕上げてしまうこと。",132,TRUE
q_133,格致日新,四字熟語,"知識を深め、日々自己を新しくしていくこと。",133,TRUE
q_134,精励恪勤,四字熟語,"仕事や学業に、誠実に、かつ一生懸命に励むこと。",134,TRUE
q_135,率先垂範,四字熟語,"人に先立って自分が手本を示し、周囲を導くこと。",135,TRUE
q_136,独立自尊,福沢諭吉,"他人に頼らず自分の力で立ち、自分自身の尊厳を保つこと。",136,TRUE
q_137,百折不撓,四字熟語,"何度失敗し、くじけそうになっても、決して信念を曲げないこと。",137,TRUE
q_138,摩頂放踵,四字熟語,"頭の先から足のかかとをすり減らすまで、身を惜しまず他人のために尽くすこと。",138,TRUE
q_139,勇気百倍,四字熟語,"何かのきっかけで、勇気が何倍にも湧いてくること。",139,TRUE
q_140,雲外蒼天,四字熟語,"目の前の試練（雲）を突き抜ければ、そこには青空（成功）が待っている。",140,TRUE
q_141,光風動春,四字熟語,"春の光と風が万物を動かすように、人の心が世界を明るく変える。",141,TRUE
q_142,切磋琢磨,四字熟語,"仲間同士で励まし合い、競い合って、共に向上していくこと。",142,TRUE
q_143,一刻千金,四字熟語,"わずかな時間も、千金に値するほど極めて貴重であるということ。",143,TRUE
q_144,有言実行,四字熟語,"口に出したことは、何が何でもやり遂げるということ。",144,TRUE
q_145,知行合一,王陽明,"本当の知識は、実際の行動を伴って初めて完成するということ。",145,TRUE
q_146,温故知新,四字熟語,"前に学んだことや昔の出来事を振り返り、新しい知恵を導き出す。",146,TRUE
q_147,明鏡止水,四字熟語,"曇りのない鏡や静かな水面のように、落ち着き払った澄んだ心境。",147,TRUE
q_148,万事急すと思ったら道は開ける,日本の格言,"絶体絶命だと思った瞬間こそ、新しいアイデアや解決策が生まれる。",148,TRUE
q_149,虎を画きて狗に類す,後漢書,"高すぎる目標を掲げて中途半端に終わることを戒め、着実な努力を促す言葉。",149,TRUE
q_150,自浄其意,仏教,"自分の心を常に清らかに保つよう努めることが、全ての善行の基本。",150,TRUE
q_151,起死回生,四字熟語,"絶望的な状況から、一気に勢いを盛り返して立て直すこと。",151,TRUE
q_152,堅忍不抜,四字熟語,"どんなことがあっても耐え忍び、決して心を動かさないこと。",152,TRUE
q_153,志操堅固,四字熟語,"自分が一度立てた志や考えを、固く守って変えないこと。",153,TRUE
q_154,進取果敢,四字熟語,"自ら進んで新しい物事に取り組み、強い決断力を持って実行すること。",154,TRUE
q_155,風林火山,武田信玄,"状況に応じて、素早く動き、静かに待ち、激しく攻め、動じないこと。",155,TRUE
q_156,大器晩成,四字熟語,"大きな才能を持つ人は、完成するまでに時間がかかるが、必ず大成する。",156,TRUE
q_157,朝令暮改を恐れるな,日本の格言,"状況が変われば、過去の決定にこだわらず柔軟に修正する勇気を持て。",157,TRUE
q_158,失敗は最大の学びである,日本の格言,"成功からは少ししか学べないが、失敗からは人生を変える教訓が得られる。",158,TRUE
q_159,自分の道は自分で切り開く,日本の格言,"他人に用意された道ではなく、自分の意志で歩む道にこそ価値がある。",159,TRUE
q_160,一念発起,四字熟語,"あることを成し遂げようと、強く決心すること。",160,TRUE
q_161,"最大の名誉は一度も倒れないことではない。倒れるたびに起き上がることだ",ネルソン・マンデラ,"挫折を経験せずに成功することより、逆境から立ち上がる力こそが気高い。",161,TRUE
q_162,他人の意見というノイズに、自分の内なる声をかき消されてはいけない,スティーブ・ジョブズ,"周囲の評価に惑わされず、自分の直感と好奇心を信じて進め。",162,TRUE
q_163,"天才とは、自分自身を、自分の力を信じることだ",マクシム・ゴーリキー,"才能とは特殊な能力ではなく、自分を信じ抜く強さのことである。",163,TRUE
q_164,"成功とは、意欲を失わずに失敗に次ぐ失敗を繰り返していく能力である",ウィンストン・チャーチル,"何度失敗しても、最初の情熱を持ち続けられる者が最後に勝つ。",164,TRUE
q_165,"私は一度も失敗したことがない。ただ、一万通りの「うまくいかない方法」を見つけただけだ",トーマス・エジソン,"全ての「うまくいかない経験」は成功のための貴重なデータである。",165,TRUE
q_166,下を向いていたら、虹を見つけることはできないよ,チャールズ・チャップリン,"悲しみや不安に囚われて視線を落とさず、希望を探し続けよう。",166,TRUE
q_167,"あなたの時間は限られている。だから、誰かの人生を生きることで時間を無駄にしてはいけない",スティーブ・ジョブズ,"自分自身の心に従い、後悔のない時間を過ごすべきだ。",167,TRUE
q_168,"思考に気をつけなさい、それはいつか言葉になるから。言葉に気をつけなさい、それはいつか行動になるから。行動に気をつけなさい、それはいつか習慣になるから。習慣に気をつけなさい、それはいつか性格になるから。性格に気をつけなさい、それはいつか運命になるから。",マーガレット・サッチャー,"運命を変える第一歩は、自分自身の日々の「考え方」にある。",168,TRUE
q_169,あなたがこの世で見たいと思う変化に、あなた自身がなりなさい,マハトマ・ガンジー,"世界が変わるのを待つのではなく、まず自分自身が行動して手本を示せ。",169,TRUE
q_170,"運とは、準備がチャンスに出会った時に起こるものだ",セネカ,"幸運を掴めるのは、いつチャンスが来てもいいように努力を続けていた人だけだ。",170,TRUE
q_171,未来を予測する最善の方法は、それを発明することだ,アラン・ケイ,"未来を不安に思うより、自分の手で理想の未来を作り上げてしまおう。",171,TRUE
q_172,自分ならできると信じれば、目標の半分は達成したようなものだ,セオドア・ルーズベルト,"強い自信を持つことが、行動を起こし完遂させるための最大のエネルギー。",172,TRUE
q_173,顔をいつも太陽のほうへ向けていて。そうすれば影を見なくて済むわ,ヘレン・ケラー,"常にポジティブな面を見つめていれば、ネガティブな要素は気にならなくなる。",173,TRUE
q_174,人生は公平ではない。そのことに慣れることだ,ビル・ゲイツ,"不公平を嘆くことに時間を使うより、与えられた条件下でどう戦うかを考えろ。",174,TRUE
q_175,"じっくり考えろ。しかし、行動する時が来たら考えるのをやめて、進め",ナポレオン・ボナパルト,"準備は入念に行い、いざ決断したら迷いを捨てて実行に移せ。",175,TRUE
q_176,"不可能なこと（Impossible）なんてないわ。この言葉自体が「私は可能だ（I'm possible）」と言っているのだから",オードリー・ヘップバーン,"捉え方を変えれば、全ての困難はチャンスに変わる。",176,TRUE
q_177,あなたが無駄に過ごした今日は、昨日死んだ誰かが死ぬほど生きたかった明日だ,韓国の小説『カシコ』より,"今この瞬間を生きていることの尊さを自覚し、一日一日を大切にせよ。",177,TRUE
q_178,速度を上げるばかりが、人生ではない,マハトマ・ガンジー,"焦って結果を求めるよりも、正しい方向に進んでいるかを確認することが大切。",178,TRUE
q_179,"人生において犯す最大の過ちは、過ちを犯すのではないかと恐れ続けることだ",エルバート・ハバード,"失敗を怖がって何もしないことが、人生で最も損な選択である。",179,TRUE
q_180,発見とは、誰もが見ているものを見て、誰も考えなかったことを考えることだ,セント・ジェルジ,"当たり前の景色の中に、新しい価値を見出す視点を持とう。",180,TRUE
q_181,困難の中に、機会がある,アルベルト・アインシュタイン,"問題が起きた時こそ、それを解決することで大きく成長できるチャンス。",181,TRUE
q_182,何事も成し遂げるまでは不可能に見えるものだ,ネルソン・マンデラ,"誰もやったことがないことでも、やり遂げてしまえばそれは「可能」になる。",182,TRUE
q_183,昨日のことから学び、今日のために生き、明日に希望を持て,アルベルト・アインシュタイン,"過去の経験を活かし、今を全力で生きることが、輝かしい未来を作る。",183,TRUE
q_184,準備を怠る者は、失敗する準備をしているのだ,ベンジャミン・フランクリン,"成功は偶然ではなく、入念な準備と計画の末に得られるもの。",184,TRUE
q_185,あなたの志を冷笑するような人たちからは離れなさい,マーク・トウェイン,"自分の可能性を否定する言葉に耳を貸さず、高め合える環境を選べ。",185,TRUE
q_186,"素晴らしい仕事をする唯一の方法は、自分のしていることを愛することだ",スティーブ・ジョブズ,"情熱を持って取り組めることを見つけた時、最高の成果が生まれる。",186,TRUE
q_187,"私は、自分に何ができるかを知るために、常に自分にできないことをしている",パブロ・ピカソ,"自分の枠を超え続けることでしか、本当の才能は磨かれない。",187,TRUE
q_188,勝利は、もっとも耐え忍んだ者にもたらされる,ナポレオン・ボナパルト,"最後に勝つのは、どんなに苦しくても最後まで諦めずに踏ん張った人だ。",188,TRUE
q_189,"教育とは、世界を変えるために用いることができる、最も強力な武器である",ネルソン・マンデラ,"学び続けることが、自分自身と世界をアップデートする唯一の手段。",189,TRUE
q_190,自分を信頼せよ。そうすれば、生きる道が見えてくる,ヨハン・ヴォルフガング・フォン・ゲーテ,"自分の信念に従って行動すれば、迷いは消え、進むべき方向が明確になる。",190,TRUE
q_191,幸せになりたいのなら、なりなさい,レフ・トルストイ,"幸せかどうかを決めるのは外部の環境ではなく、自分自身の決意である。",191,TRUE
q_192,100回叩くと壊れる壁を、99回目で諦めてはいけない,日本の格言,"成功はすぐそこまで来ているかもしれない。あともう少しの踏ん張りを。",192,TRUE
q_193,"誰よりも三倍、四倍、五倍勉強する。これ以外に方法はない",野口英世,"卓越した存在になるには、圧倒的な努力量で差をつけるしかない。",193,TRUE
q_194,夢見ることができれば、それは実現できる,ウォルト・ディズニー,"想像力は実現への第一歩。強く描き続ければ、必ず形になる。",194,TRUE
q_195,最善を尽くせ。あとは天に任せよ,チャールズ・リンドバーグ,"自分ができる限りのことをやったなら、結果を恐れず堂々としていればよい。",195,TRUE
q_196,若いうちの苦労は買ってでもせよ,日本のことわざ,"若い時の困難な経験は、将来の大きな器を作るための貴重な財産になる。",196,TRUE
q_197,限界なんてない。あるのは停滞期だけだ,ブルース・リー,"行き詰まったと感じても、それは成長のための準備期間。突き抜けろ。",197,TRUE
q_198,小さなことを積み重ねることが、とんでもないところへ行くただ一つの道だ,イチロー,"毎日のルーティンや細かな努力こそが、最終的に大きな格差を生む。",198,TRUE
q_199,挑戦を止めた時、君は老い始める,ヘンリー・フォード,"年齢に関係なく、新しいことに挑み続ける限り、人は若々しくいられる。",199,TRUE
q_200,何歳になっても、新しいことを始めるのに遅すぎることはない,パブロ・カザルス,"「もう遅い」は言い訳。思い立ったその瞬間が、人生で一番若い日だ。",200,TRUE
q_201,"真の発見の旅とは、新しい景色を探すことではない。新しい目を持つことにある",マルセル・プルースト,"環境を変えるより、自分の「捉え方」を変えることで世界は一変する。",201,TRUE
q_202,暗いと不平を言うよりも、進んで明かりをつけなさい,マザー・テレサ,"批判や不満を口にする暇があるなら、現状を良くするために自分ができる行動をせよ。",202,TRUE
q_203,"もし今日が人生最後の日だとしたら、私は今日やろうとしていることをやりたいだろうか？",スティーブ・ジョブズ,"毎朝自分に問いかけ、情熱を持てない日々に妥協しないための指標。",203,TRUE
q_204,リーダーとは、希望を配る人のことだ,ナポレオン・ボナパルト,"絶望的な状況でも、進むべき光を示し、周囲を鼓舞するのが真のリーダー。",204,TRUE
q_205,失敗を恐れるな。失敗しないことを恐れよ,本田宗一郎,"何も起きない安泰な日々は、成長が止まっている証。挑戦の証としての失敗を歓迎せよ。",205,TRUE
q_206,自分を愛することが、一生続くロマンスの始まりだ,オスカー・ワイルド,"他人の承認を求める前に、まず自分自身を肯定し、大切にすること。",206,TRUE
q_207,情熱は、あらゆる扉を開く鍵である,クリスチャン・ディオール,"技術や知識が足りなくても、圧倒的な熱量があれば道は開かれる。",207,TRUE
q_208,楽観主義者は、困難の中にチャンスを見る,ウィンストン・チャーチル,"悲観して止まるか、好機と捉えて動くか。その差が結果の差になる。",208,TRUE
q_209,行動を伴わないビジョンは、ただの白昼夢だ,日本の格言,"理想を語るだけでは何も変わらない。具体的に手を動かして初めて現実に繋がる。",209,TRUE
q_210,人生の最大の喜びは、君にはできないと言われたことを成し遂げることだ,ウォルター・バジョット,"周囲の「無理だ」という評価を、自分の努力で覆す快感こそが成長の糧。",210,TRUE
q_211,一粒の種が、森を作る,西洋の格言,"今の小さな一歩、一つの善行が、未来の巨大な成果や影響力に繋がっている。",211,TRUE
q_212,明日からやろうというやつは、一生やらない,日本の格言,"「今」やれない理由を探す癖がつくと、一生チャンスを逃し続ける。",212,TRUE
q_213,今日という日は、残りの人生の最初の一日である,デール・カーネギー,"過去がどうあれ、今日から新しい自分をスタートさせることはいつでも可能。",213,TRUE
q_214,意志が運命を決定する,フリードリヒ・シラー,"環境があなたを作るのではない。あなたの強い意志が、進むべき運命を形作る。",214,TRUE
q_215,運は、勇気のある者に味方する,テレンティウス,"迷いながらも勇気を持って行動した者にだけ、幸運の女神は微笑む。",215,TRUE
q_216,誰かの真似をするな。自分の色を出せ,ココ・シャネル,"オリジナリティこそが最大の価値。自分らしくあることが一番の強みになる。",216,TRUE
q_217,自分を励ます一番良い方法は、誰か他の人を励まそうとすることだ,マーク・トウェイン,"人に与えることで、自分自身の心にもエネルギーが戻ってくる。",217,TRUE
q_218,あなたが今日できることを、明日に延ばしてはいけない,ベンジャミン・フランクリン,"先延ばしは最大の時間泥棒。今できることを即座に片付ける習慣を。",218,TRUE
q_219,成功は、常に情熱のあとにやってくる,日本の格言,"利益や名声を先に追うのではなく、目の前のことへの熱狂が結果を引き寄せる。",219,TRUE
q_220,知っているだけでは不十分だ。活用しなければならない,ゲーテ,"知識は使って初めて価値を生む。インプットよりアウトプットを重視せよ。",220,TRUE
q_221,願っているだけでは不十分だ。実行しなければならない,ゲーテ,"想定や妄想で終わらせず、物理的な行動に落とし込むこと。",221,TRUE
q_222,困難は人を強くする,セネカ,"苦労や逆境は、魂を鍛え、強靭な精神を作るための「筋トレ」のようなもの。",222,TRUE
q_223,自らを信じる者は、他者からも信じられる,ラ・ロシュフコー,"自信がある人の言葉には説得力が宿り、周囲の人を惹きつける。",223,TRUE
q_224,一歩引いて全体を見ろ。答えはそこにある,日本の格言,"目先の細部に執着せず、俯瞰することで解決の糸口が見えてくる。",224,TRUE
q_225,知識は、力である,フランシス・ベーコン,"正しい情報を持ち、それを使いこなすことが、現代における最大の武器。",225,TRUE
q_226,自分自身の主人であれ,ニーチェ,"他人の基準や時代の空気に流されず、自分の規律で自分を律すること。",226,TRUE
q_227,行動のみが、人生に力を与える,ジャン・パウル,"考えるだけで終わる人生は虚しい。動いて、ぶつかって、初めて命は輝く。",227,TRUE
q_228,誠実さは、すべての成功の基礎である,デール・カーネギー,"短期的な利益より、長期的な信頼。誠実な仕事こそが盤石なキャリアを作る。",228,TRUE
q_229,"今この瞬間を生きろ（Carpe diem）",ホラティウス,"過去を悔やまず、未来を憂えず、目の前の「今」を全力で味わい尽くす。",229,TRUE
q_230,希望は人を歩ませる,アリストテレス,"明日が良くなると信じる心（希望）こそが、困難な道を歩き続けるガソリン。",230,TRUE
q_231,あきらめたらそこで試合終了ですよ,安西先生（スラムダンク）,"最後の1秒まで勝機を信じる。自分の心が「負け」を認めるまで勝負は続く。",231,TRUE
q_232,夢は見るもんじゃなく、叶えるもんだ,日本の格言,"憧れで終わらせるのではなく、実現するための具体的な計画と行動を。",232,TRUE
q_233,逃げれば一つ、進めば二つ,スレッタ・マーキュリー,"逃げれば「現状維持」だけだが、進めば「経験」と「誇り」が手に入る。",233,TRUE
q_234,失ったものを数えるな！お前にまだ残っておるものは何じゃ！,ジンベエ（ONE PIECE）,"失敗で失ったものに固執せず、今持っているリソースを最大限活かす思考。",234,TRUE
q_235,オレの敵は、だいたいオレです,南波六太（宇宙兄弟）,"他人の妨害よりも、自分の中の恐怖や怠慢こそが最大の障害。",235,TRUE
q_236,本気で忘れたいことは、忘れるまでやり込むしかないんだよ,3月のライオン,"過去の傷や後悔を消す唯一の方法は、目の前のことに没頭し結果を出すこと。",236,TRUE
q_237,やってやるって！,越中詩郎,"難しい理屈を抜きにして、気合と覚悟で現状を突破する強い意志。",237,TRUE
q_238,誰かに期待しすぎるから、腹が立つ。自分に期待しろ,日本の格言,"他人の行動は変えられない。自分自身をアップデートすることに全力を注げ。",238,TRUE
q_239,成るか成らぬかじゃねえ。やるかやらねえかだ,日本の格言,"結果を心配して立ち止まるな。行動を選択した時点で、半分は成功している。",239,TRUE
q_240,勝つために来たんだ、俺たちは！,ハイキュー!!,"目的を忘れるな。参加することではなく、成果を出すために今ここにいる。",240,TRUE
q_241,道がないなら、作ればいい,鋼の錬金術師,"与えられた環境に選択肢がないなら、自分の知恵と努力で新しい選択肢を創造せよ。",241,TRUE
q_242,昨日の自分を、今日超えていけ,少年漫画の格言,"他人と比べるのは無意味。過去の自分より1ミリでも成長することに集中する。",242,TRUE
q_243,才能は開花させるもの、センスは磨くもの！,及川徹（ハイキュー!!）,"才能がないと言い訳する前に、それを引き出すための絶え間ない努力をせよ。",243,TRUE
q_244,自分を救えるのは、自分だけだ,新世紀エヴァンゲリオン,"誰かが助けてくれるのを待つな。自分の足で立ち、自分の手で運命を掴め。",244,TRUE
q_245,お前の道を進め。たとえ世界が反対してもだ,イタリアの格言,"大勢に合わせるのが正しいとは限らない。自分の良心が指し示す方向を信じろ。",245,TRUE
q_246,背中を預けられる仲間がいる。それだけで強くなれる,NARUTO,"信頼できる仲間の存在が、一人では出せない勇気と力を引き出してくれる。",246,TRUE
q_247,限界を超えた先にある景色を見に行こう,ブラッククローバー,"「もう無理だ」と思ったところがスタートライン。そこを超えてこそ成長がある。",247,TRUE
q_248,一生懸命はカッコ悪いことじゃない,日本の格言,"冷笑する側に回るな。何かに全力で打ち込む姿こそ、最も美しい。",248,TRUE
q_249,一度きりの人生、楽しまなきゃ損だろ？,日本の格言,"苦労を目的化するな。最終的には自分が楽しむために、今を乗り越えろ。",249,TRUE
q_250,悔しいと思えるなら、まだ強くなれる,弱虫ペダル,"敗北を悔しがるのは、自分がまだできると信じている証拠。その火を消すな。",250,TRUE
q_251,笑え。そうすれば世界も共に笑う,エラ・ウィーラー・ウィルコックス,"自分の表情や態度が、周囲の環境を映し出す鏡になる。",251,TRUE
q_252,勇気とは「恐怖」を知ること。そして恐怖を「支配」することだ,ウィル・A・ツェペリ,"怖くないのが勇気ではない。怖くても逃げずにコントロールするのが真の勇気。",252,TRUE
q_253,一番の近道は、遠回りだった,ジャイロ・ツェペリ,"手っ取り早い成功を求めるより、地道な基礎固めが結果的に最短の成功を呼ぶ。",253,TRUE
q_254,死ぬのが怖いんじゃない。何も残せないのが怖いんだ,日本の格言,"命の終わりより、生きた証を刻めない無為な人生を恐れ、情熱を燃やせ。",254,TRUE
q_255,お前が信じるお前を信じろ！,カミナ（グレンラガン）,"他人の評価に依存せず、自分の中に眠る可能性を誰よりも自分が信じ抜け。",255,TRUE
q_256,誰かのせいにしているうちは、何も変わらない,名探偵コナン,"原因を外に求めても成長はない。すべてを自分の問題と捉えて初めて道が開ける。",256,TRUE
q_257,運命なんて、自分の手で変えてやる,少年漫画の格言,"決められた筋書きなどない。自分の行動一つで未来はいくらでも書き換えられる。",257,TRUE
q_258,泣いてもいい。逃げてもいい。ただ、諦めるな,鬼滅の刃,"弱さを見せてもいいが、志の糸だけは切らさないこと。",258,TRUE
q_259,胸を張って生きろ,煉獄杏寿郎（鬼滅の刃）,"自分の生き方に誇りを持ち、どんな時も堂々と前を向いて歩む姿勢。",259,TRUE
q_260,心を燃やせ,煉獄杏寿郎（鬼滅の刃）,"情熱を絶やさず、限界を超えてでも大切なものを守り、成し遂げる覚悟。",260,TRUE
q_261,老いることも死ぬことも、人間という儚い生き物の美しさだ,煉獄杏寿郎（鬼滅の刃）,"時間に限りがあるからこそ、今この瞬間を全力で生きる価値がある。",261,TRUE
q_262,負けを知った時、人は本当に強くなれる,スラムダンク,"敗北は終着点ではない。自分の弱点を知り、進化するための貴重な機会。",262,TRUE
q_263,一生、勉強だ,日本の格言,"慢心した瞬間に成長は止まる。死ぬまで謙虚に学び続ける姿勢を持て。",263,TRUE
q_264,成功した者は皆すべからく努力しておる,鴨川源二（はじめの一歩）,"（既出・45番）成功への唯一無二の条件は、泥臭い努力を厭わないこと。",264,TRUE
q_265,俺は、俺がやりたいことをやるだけだ,モンキー・D・ルフィ,"周囲の期待や社会の枠に縛られず、自分の本心に従って生きる。",265,TRUE
q_266,海賊王に、俺はなる！,モンキー・D・ルフィ,"自分の夢を公言し、退路を断って突き進む決意の表明。",266,TRUE
q_267,お前の翼は、飛ぶためにある,少年漫画の格言,"持っている才能やスキルは、使うためにある。宝の持ち腐れにするな。",267,TRUE
q_268,奇跡を待つより、自分で奇跡を起こせ,少年漫画の格言,"運を天に任せる前に、自らの行動で運命を力ずくで引き寄せろ。",268,TRUE
q_269,誰よりも高く飛べ,スポーツ漫画の格言,"平均点を目指すな。圧倒的な高みを目指して努力せよ。",269,TRUE
q_270,地面を見ている暇はない,ハイキュー!!,"失敗して落ち込んでいる間も時間は過ぎる。顔を上げて次の一手へ。",270,TRUE
q_271,俺たちの挑戦は、ここからだ！,少年漫画の定番,"一つの区切りは次のスタート。常に「これから」の姿勢で挑み続ける。",271,TRUE
q_272,勝負は、最後まで分からない,スポーツ漫画の格言,"諦めた瞬間に可能性は消える。最後の笛が鳴るまで全力を出し切れ。",272,TRUE
q_273,信じる力は、何よりも強い武器になる,少年漫画の格言,"自分や仲間を信じ抜く心が、技術や体格差を覆す奇跡を生む。",273,TRUE
q_274,一瞬の輝きのために、一生をかける,スポーツ漫画の格言,"最高の結果を出すための準備に、一切の妥協をしない。",274,TRUE
q_275,負けたくないなら、練習しろ,スポーツ漫画の格言,"結果への不満を言う前に、誰にも負けない練習量で実力を証明せよ。",275,TRUE
q_276,お前の努力を、俺は知っている,少年漫画の格言,"誰も見ていないところでの努力が、最後には必ず誰かの心を動かす。",276,TRUE
q_277,立ち止まるな。道は続いている,少年漫画の格言,"失敗も成功も通過点。常にその先を目指して歩き続けろ。",277,TRUE
q_278,自分を型にはめるな。お前は自由だ,少年漫画の格言,"常識や過去の自分に縛られず、無限の可能性に挑戦せよ。",278,TRUE
q_279,最強とは、自分に勝つことだ,宮本武蔵（バガボンド）,"外側の敵ではなく、自分の中の迷いや弱さを克服することこそが真の強さ。",279,TRUE
q_280,戦わなければ、勝てない,ミカサ・アッカーマン,"勝利を望むなら、リスクを負って戦いの場に立つしかない。",280,TRUE
q_281,心臓を捧げよ,進撃の巨人,"自分のすべてを捧げても惜しくないほどの、崇高な目的や使命感を持て。",281,TRUE
q_282,何かを変えることができるのは、何かを捨てることができる人だ,アルミン・アルレルト,"新しいステージに行くには、過去の成功体験や安心感を捨てる勇気が必要。",282,TRUE
q_283,お前は、お前だ。誰でもない,少年漫画の格言,"他人と比較して一喜一憂せず、自分だけの独自の価値を追求せよ。",283,TRUE
q_284,前だけ見てろ。後ろには何もない,少年漫画の格言,"過去を振り返って後悔しても何も生まれない。視界は常に未来へ。",284,TRUE
q_285,チャンスの女神には前髪しかない,西洋のことわざ,"チャンスは瞬時に通り過ぎる。迷わずその瞬間に掴み取らなければならない。",285,TRUE
q_286,準備はいいか？,冒険漫画の定番,"問いかけに対し、いつでも「YES」と言えるだけの準備を常に整えておけ。",286,TRUE
q_287,今こそ、立ち上がる時だ,ヒーロー漫画の定番,"困難に直面した時こそ、真価が問われる。逃げずに踏ん張る瞬間。",287,TRUE
q_288,君の頑張りは、誰かが見ている,少年漫画の格言,"正しい努力をしていれば、必ず理解者や協力者が現れる。",288,TRUE
q_289,大丈夫、君ならできる,ドラえもん,"シンプルだが最も強力な肯定。自分を信じる勇気を与えてくれる言葉。",289,TRUE
q_290,未来は、今の自分の行動が決める,日本の格言,"未来を案じる暇があるなら、今の行動を最高のものにせよ。",290,TRUE
q_291,一歩ずつ、確実に。それが一番の近道だ,少年漫画の格言,"焦って飛び級を狙うより、基礎を固めることが最も確実な成功法則。",291,TRUE
q_292,迷うな。信じた道を行け,少年漫画の格言,"自分の直感を信じ、一度決めたら脇目も振らずに突き進む。",292,TRUE
q_293,人生は冒険だ,日本の格言,"失敗を恐れて安全な場所にとどまるより、未知の体験を求めて旅をせよ。",293,TRUE
q_294,ワクワクする方を選べ,南波六太（宇宙兄弟）,"理屈や損得ではなく、自分の心が躍る選択が正しい道へと導く。",294,TRUE
q_295,誰が一番強いかなんて決まってない,金子シャロン（宇宙兄弟）,"評価は常に変動する。今の負けにこだわらず、成長し続ける者が勝つ。",295,TRUE
q_296,本気なら、迷わない,少年漫画の格言,"迷いがあるのは本気度が足りない証。退路を断てば道は一つになる。",296,TRUE
q_297,全力で遊べ。全力で学べ,日本の格言,"遊びも学びも、中途半端にせず全霊を注ぐことで、深い人間性が作られる。",297,TRUE
q_298,死ぬ気でやってみろ。死なないから,日本の格言,"自分の限界だと思っているラインは、実はもっと先にあるという励まし。",298,TRUE
q_299,人生は一度きりだ,世界的な格言,"後の祭りは通用しない。やりたいことは、今、この瞬間にやれ。",299,TRUE
q_300,また明日、笑おう,少年漫画の定番,"今日がどんなに最悪でも、明日の自分を信じて前向きに眠りにつく。",300,TRUE
q_301,"昨日の自分は、今日の自分の師匠である",日常のマインド,"過去の経験（失敗も成功も）を学びの材料として、今日をより良く生きる。",301,TRUE
q_302,朝起きたら、まず自分を褒めろ,日常のマインド,"自己肯定感を高めるための儀式。自分の一番の理解者は自分である。",302,TRUE
q_303,笑顔は、世界共通の言語だ,日常のマインド,"言葉が通じなくても、笑顔は相手の警戒を解き、良い人間関係を築く。",303,TRUE
q_304,深呼吸一つで、世界は変わる,日常のマインド,"焦った時こそ立ち止まり、呼吸を整えることで冷静な判断を取り戻す。",304,TRUE
q_305,靴を揃える。そこから心は整う,日常のマインド,"足元の乱れは心の乱れ。身近な小さな秩序が、大きな成功の土台になる。",305,TRUE
q_306,感謝の言葉は、魔法の杖だ,日常のマインド,"「ありがとう」と言うだけで、周囲の協力が得られやすくなり、運気が上がる。",306,TRUE
q_307,自分にご褒美をあげるのを忘れるな,日常のマインド,"走り続けるには休息と報酬が必要。適切な自己管理でモチベーションを維持。",307,TRUE
q_308,他人と比べず、昨日の自分と比べろ,日常のマインド,"他人の芝生を気にするより、自分の成長速度にフォーカスせよ。",308,TRUE
q_309,「ありがとう」は、言う方も言われる方も幸せにする,日常のマインド,"感謝の循環が、ストレスを減らし、良好なコミュニティを作る。",309,TRUE
q_310,悩みは、成長のサインだ,日常のマインド,"悩んでいるのは「もっと良くしたい」という意欲がある証拠。",310,TRUE
q_311,壁は乗り越えるものではなく、寄り添って登るものだ,日常のマインド,"正面衝突して疲弊するより、状況を観察し、着実な攻略法を見つける。",311,TRUE
q_312,今日という日は、二度と来ない,日常のマインド,"時間の不可逆性を自覚し、今日という資産を大切に使い切る。",312,TRUE
q_313,完璧を目指すより、まずは終わらせろ（Done is better than perfect）,日常のマインド,"完璧主義で停滞するより、まずは形にして改善を繰り返す方が進歩が早い。",313,TRUE
q_314,休憩も、仕事のうちだ,日常のマインド,"疲労した状態では質が落ちる。戦略的に休むことでパフォーマンスを最大化。",314,TRUE
q_315,よく寝ることも、立派な戦略だ,日常のマインド,"睡眠不足は判断力を奪う。心身のコンディション調整を優先せよ。",315,TRUE
q_316,好きなものを、好きと言える勇気を持て,日常のマインド,"他人の目を気にせず、自分の情熱に従うことが真の個性に繋がる。",316,TRUE
q_317,自分の機嫌は、自分で取れ,日常のマインド,"感情を他人に左右させず、自分の意志でポジティブな状態を維持する。",317,TRUE
q_318,雨の日は、雨を楽しめ,日常のマインド,"変えられない状況を嘆くより、その中での楽しみ方を見出す知恵。",318,TRUE
q_319,風が吹いたら、風に乗れ,日常のマインド,"時代の流れやチャンスが来た時に、逆らわず波に乗る柔軟性。",319,TRUE
q_320,迷ったら、楽しい方を選べ,日常のマインド,"義務感より好奇心を優先した方が、結果的に継続し、成功しやすい。",320,TRUE
q_321,「疲れた」を「頑張った」に言い換えろ,日常のマインド,"使う言葉を変えるだけで、脳へのフィードバックが前向きに変わる。",321,TRUE
q_322,小さな幸せを見つける天才になれ,日常のマインド,"幸運を待つのではなく、日常の些細なことに価値を感じる力を磨け。",322,TRUE
q_323,整理整頓は、心の整理整頓だ,日常のマインド,"物理的な環境を整えることで、思考のノイズが消え、集中力が増す。",323,TRUE
q_324,一人の時間も、大切にしろ,日常のマインド,"孤独の中で自分と向き合い、内省することで、揺るぎない自己が作られる。",324,TRUE
q_325,本を読め。先人の知恵を借りろ,日常のマインド,"読書は、他人の一生分の経験を数時間で吸収できる最高の投資。",325,TRUE
q_326,旅に出ろ。新しい自分に出会える,日常のマインド,"日常を離れることで、固定観念が崩れ、新しい視点や可能性が見つかる。",326,TRUE
q_327,美味しいものを食べろ。それが活力だ,日常のマインド,"食は命の根源。良質な食事で身体と心を喜ばせ、エネルギーを蓄える。",327,TRUE
q_328,背筋を伸ばせ。それだけで視界が変わる,日常のマインド,"姿勢を正すとホルモンバランスも整い、自信と余裕が生まれる。",328,TRUE
q_329,返事は、明るく大きく,日常のマインド,"良い反応は相手を勇気づけ、自分にも活力を与える。",329,TRUE
q_330,挨拶は、自分から,日常のマインド,"主体性を持って心を開くことで、あらゆるコミュニケーションが円滑になる。",330,TRUE
q_331,今日やれることを、一つだけ全力でやれ,日常のマインド,"多くのことに手を広げすぎず、今日の一点突破に集中する。",331,TRUE
q_332,1%の改善を、毎日続けろ,日常のマインド,"劇的な変化は不要。毎日1%の進化が、1年後には約37倍の差になる。",332,TRUE
q_333,自分を信じるのに、根拠はいらない,日常のマインド,"根拠のある自信は崩れやすい。理由なき確信こそが最強の武器。",333,TRUE
q_334,過去は変えられないが、未来は変えられる,日常のマインド,"終わったことに執着せず、これから作る時間に全エネルギーを注げ。",334,TRUE
q_335,失敗を恐れて動かないのが、一番の失敗だ,日常のマインド,"行動しないリスクは、行動するリスクより遥かに大きい。",335,TRUE
q_336,挑戦することに、遅すぎることはない,日常のマインド,"始めたいと思ったその瞬間が、あなたの人生で最も若い時。",336,TRUE
q_337,世界は、あなたが思うよりずっと優しい,日常のマインド,"警戒を解き、信頼して接すれば、周囲からも助けが返ってくる。",337,TRUE
q_338,一期一会を大切に,日常のマインド,"（既出・16番）あらゆる縁に感謝し、一回きりの交流を誠実に行う。",338,TRUE
q_339,一歩一歩が、ゴールに繋がっている,日常のマインド,"遠い目的地に絶望せず、目の前の数センチを確実に進む。",339,TRUE
q_340,雲の向こうは、いつも青空だ,日常のマインド,"（既出・74番）今の苦しみは一時的なもの。その先に必ず明るい未来がある。",340,TRUE
q_341,人生に無駄なことは何一つない,日常のマインド,"全ての失敗、遠回り、苦しみが、いつか自分を作る重要なパーツになる。",341,TRUE
q_342,あなたの笑顔が、誰かを救っている,日常のマインド,"自覚がなくても、あなたの明るさが周囲の誰かの希望になっている。",342,TRUE
q_343,自分を大切にできない人に、他人は大切にできない,日常のマインド,"まずは自分の心を満たせ。その余裕が他人への真の優しさになる。",343,TRUE
q_344,謙虚さを忘れるな。でも卑屈になるな,日常のマインド,"他人を尊重しつつも、自分の価値を低く見積もりすぎない絶妙なバランス。",344,TRUE
q_345,志を高く持て。視座を上げろ,日常のマインド,"自分の利益だけでなく、より広い社会のために何ができるかを考える。",345,TRUE
q_346,心は熱く、頭は冷やせ,日常のマインド,"情熱を原動力にしつつ、行動は常に論理的で冷静な判断に基づかせる。",346,TRUE
q_347,まずやってみる。答えはあとからついてくる,日常のマインド,"分析して時間を無駄にするより、試行錯誤の中で正解を見つけ出す。",347,TRUE
q_348,「できない」を「どうすればできるか」に変えろ,日常のマインド,"思考のベクトルを遮断から解決へと向かわせる、魔法の言葉。",348,TRUE
q_349,習慣が、あなたを作る,日常のマインド,"意識的な努力より、無意識のルーティンが人生の質を決定する。",349,TRUE
q_350,自分だけの花を咲かせろ,日常のマインド,"他人の花と色や形を競わず、自分の個性を最大限に表現せよ。",350,TRUE
q_351,置かれた場所で咲け,渡辺和子,"今いる環境を呪うのではなく、そこでできる最善を尽くし、光を見出す。",351,TRUE
q_352,咲けないなら場所を変えてもいい,日常のマインド,"どうしても合わない環境で枯れる必要はない。自分が輝ける土壌を探せ。",352,TRUE
q_353,止まない雨はない,日常のマインド,"どんなに長い苦難も、時間の経過とともに必ず終わりを迎える。",353,TRUE
q_354,明けない夜はない,日常のマインド,"どんなに深い闇も、必ず朝日が昇る。その時を信じて耐え抜く。",354,TRUE
q_355,冬の寒さを知る者だけが、春の暖かさを喜べる,ニーチェ,"苦労を経験したからこそ、成功の価値を深く理解し、感謝できる。",355,TRUE
q_356,今、ここ、自分,日常のマインド,"過去・未来、他人の視線に惑わされず、この瞬間の自分に集中せよ。",356,TRUE
q_357,シンプルに考えろ,日常のマインド,"複雑に絡み合った悩みも、本質を突けば解決策は意外と単純。",357,TRUE
q_358,情熱は、技術を凌駕する,日常のマインド,"スキルが劣っていても、強い情熱があれば、それは技術を追い抜く原動力になる。",358,TRUE
q_359,自分に嘘をつくな,日常のマインド,"自分の本心を裏切る決断は、一生のしこりになる。正直に生きろ。",359,TRUE
q_360,カッコいい大人になれ,日常のマインド,"自分の子供や後輩に、胸を張って見せられる背中を持ち続ける。",360,TRUE
q_361,夢を語れ。それが現実になる第一歩だ,日常のマインド,"言葉にすることで、自分の脳に刷り込まれ、周囲の協力も集まり出す。",361,TRUE
q_362,失敗は、ネタにしろ,日常のマインド,"失敗を恥じるのではなく、将来の笑い話や教訓としてストックせよ。",362,TRUE
q_363,コンプレックスは、武器になる,日常のマインド,"劣等感は、それを克服しようとする時、とてつもない推進力に変わる。",363,TRUE
q_364,誰かのために頑張る力は、無限だ,日常のマインド,"自分のためだけでは出せない力が、大切な誰かのために動く時に湧いてくる。",364,TRUE
q_365,自分への投資は、最高の利回りだ,日常のマインド,"スキル、経験、健康。自分にかけたコストは、一生奪われない資産になる。",365,TRUE
q_366,今日を精一杯生きろ,日常のマインド,"明日の保証はない。今この瞬間を、後悔のないように使い切る。",366,TRUE
q_367,感謝、感激、感動,日常のマインド,"心を動かされる瞬間を大切にし、豊かな感受性を持ち続ける。",367,TRUE
q_368,一歩、また一歩,日常のマインド,"どんなに険しい山も、結局は次の一歩を出し続けることでしか登れない。",368,TRUE
q_369,世界は広い。君の居場所は必ずある,日常のマインド,"今の場所がすべてだと思わないこと。視野を広げれば無限の可能性がある。",369,TRUE
q_370,よし、いこう。,日常のマインド,"準備は整った。あとは余計なことを考えず、ただ一歩踏み出すだけ。",370,TRUE
